#chrom	start	end	ref	alt	strand	regionid
chr19	19407506	19407507	T	A	+	rs1000237
chr3	17833701	17833702	C	A	-	rs1004307
chr17	18123828	18123829	A	G	+	rs1008135
chr17	18123827	18123828	G	T	-	rs1008136
chr8	59798844	59798845	G	A	+	rs10092060
chr8	142228142	142228143	C	-	+	rs10098073
chr8	59809421	59809422	T	G	+	rs10100880
chr8	110504287	110504288	A	C	-	rs10113806
chr2	162012692	162012693	A	T	+	rs1014445
chr2	72131145	72131146	C	C	-	rs10181341
chr19	19508507	19508508	T	C	+	rs10282
chr8	59743634	59743635	G	A	-	rs1034518
chr8	59745678	59745679	G	A	-	rs1034519
chr19	19497727	19497728	T	G	-	rs10402451
chr19	49593163	49593164	C	A	+	rs10404887
chr19	49588206	49588207	T	G	-	rs10406941
chr19	49594526	49594527	T	A	+	rs10414643
chr19	19451522	19451523	C	G	+	rs10414830
chr19	19486245	19486246	G	C	+	rs10419912
chr19	49587349	49587350	G	T	-	rs10426059
chr19	19495824	19495825	C	A	-	rs1047361
chr1	150121509	150121510	A	G	-	rs10494264
chr2	224569727	224569728	T	G	-	rs10498163
chr12	123161255	123161256	G	T	+	rs1051431
chr19	19506143	19506144	A	-	-	rs1054284
chr17	18000191	18000193	CT	GG	+	rs10558401
chr12	123237066	123237067	A	C	+	rs10744150
chr12	123239187	123239188	C	-	-	rs10744151
chr12	2277932	2277933	G	A	-	rs10744560
chr1	150104954	150104955	T	G	+	rs10749674
chr11	130849165	130849166	G	T	+	rs10750450
chr10	18439069	18439070	C	T	-	rs10764493
chr12	123235332	123235333	C	G	+	rs10772997
chr12	2221291	2221292	G	A	-	rs10774034
chr12	2259507	2259508	G	T	-	rs10774035
chr12	91854870	91854871	G	T	+	rs10777339
chr12	91863035	91863036	C	T	-	rs10777340
chr12	91863041	91863042	A	G	+	rs10777341
chr1	73359225	73359226	T	C	-	rs10789369
chr1	73383613	73383614	C	T	-	rs10789370
chr11	130848734	130848735	A	A	-	rs10791097
chr1	2452668	2452669	A	G	-	rs10797426
chr12	29777949	29777950	G	-	+	rs10843506
chr12	29778122	29778123	G	G	-	rs10843507
chr16	68254427	68254428	T	G	+	rs10852439
chr12	103182008	103182009	C	A	+	rs10860950
chr12	103182239	103182240	C	C	-	rs10860952
chr10	102843830	102843831	T	G	-	rs10883785
chr11	130847257	130847258	G	A	-	rs10894268
chr11	57680559	57680560	G	T	-	rs10896636
chr11	57901468	57901469	C	T	+	rs10896656
chr2	232694601	232694602	T	C	+	rs10933406
chr5	61432162	61432163	T	A	+	rs10939902
chr7	105231444	105231445	C	C	-	rs10953470
chr11	24369622	24369623	C	-	+	rs11027841
chr11	24384374	24384375	A	G	+	rs11027859
chr11	24385348	24385349	G	A	-	rs11027863
chr11	24385382	24385383	C	A	-	rs11027864
chr1	150180624	150180625	C	-	-	rs1105209
chr12	2239677	2239678	C	-	-	rs11062170
chr15	61542027	61542028	G	T	-	rs11071612
chr16	68254489	68254490	G	A	-	rs11075670
chr17	17972696	17972697	T	C	-	rs11078408
chr12	2224471	2224472	A	A	-	rs1108073
chr19	49592886	49592887	T	C	+	rs11083979
chr3	52686063	52686064	A	G	+	rs1108842
chr12	91863732	91863733	G	C	+	rs11106310
chr12	103213667	103213668	G	C	+	rs11111497
chr3	17811043	17811044	G	T	+	rs11128871
chr1	150118619	150118620	C	T	-	rs111443519
chr5	109740526	109740527	A	G	-	rs111445635
chr1	150054224	150054225	A	G	-	rs11205321
chr1	73301380	73301381	C	G	+	rs11210202
chr1	73368662	73368663	T	A	+	rs11210215
chr1	73383332	73383333	G	-	+	rs11210219
chr1	73517389	73517390	C	-	-	rs11210274
chr11	133971683	133971684	C	G	+	rs11223654
chr11	133981516	133981517	C	C	-	rs11223661
chr1	150074060	150074061	G	G	-	rs112287706
chr5	109831248	109831249	T	T	-	rs11241037
chr1	150117795	150117796	G	T	-	rs113082139
chr20	38811161	38811162	A	G	+	rs11310073
chr1	150054561	150054562	C	G	+	rs113607766
chr16	68252675	68252676	A	-	+	rs11368218
chr1	150189897	150189898	G	G	-	rs113833990
chr7	105198341	105198342	T	C	+	rs11412280
chr1	207792081	207792082	C	C	-	rs1142469
chr1	43621159	43621160	C	T	+	rs1143702
chr11	57792979	57792980	A	C	+	rs11570190
chr11	24372554	24372555	G	-	+	rs1157931
chr1	150129017	150129018	C	-	+	rs11584091
chr1	150066989	150066990	C	C	-	rs11584354
chr1	150194970	150194971	G	T	-	rs11584606
chr1	150038583	150038584	G	A	+	rs11589585
chr1	150161124	150161125	G	T	-	rs11589922
chr1	150161364	150161365	T	A	+	rs11591200
chr11	24377286	24377287	G	C	+	rs1159408
chr11	109521711	109521712	T	T	-	rs11600110
chr11	57875144	57875145	A	C	-	rs11601320