#chrom	start	end	ref	alt	strand	regionid
chr19	19407506	19407507	T	A	+	rs1000237
chr3	17833701	17833702	G	A	-	rs1004307
chr17	18123828	18123829	A	G	+	rs1008135
chr17	18123827	18123828	C	T	-	rs1008136
chr8	59798844	59798845	G	A	+	rs10092060
chr8	142228142	142228143	C	-	+	rs10098073
chr8	59809421	59809422	T	G	+	rs10100880
chr8	110504287	110504288	T	C	-	rs10113806
chr2	162012692	162012693	A	T	+	rs1014445
chr2	72131145	72131146	G	C	-	rs10181341
chr19	19508507	19508508	T	C	+	rs10282
chr8	59743634	59743635	C	A	-	rs1034518
chr8	59745678	59745679	C	A	-	rs1034519
chr19	19497727	19497728	A	G	-	rs10402451
chr19	49593163	49593164	C	A	+	rs10404887
chr19	49588206	49588207	A	G	-	rs10406941
chr19	49594526	49594527	T	A	+	rs10414643
chr19	19451522	19451523	C	G	+	rs10414830
chr19	19486245	19486246	G	C	+	rs10419912
chr19	49587349	49587350	C	T	-	rs10426059
chr19	19495824	19495825	G	A	-	rs1047361
chr1	150121509	150121510	T	G	-	rs10494264
chr2	224569727	224569728	A	G	-	rs10498163
chr12	123161255	123161256	G	T	+	rs1051431
chr19	19506143	19506144	T	-	-	rs1054284
chr17	18000191	18000193	CT	GG	+	rs10558401
chr12	123237066	123237067	A	C	+	rs10744150
chr12	123239187	123239188	G	-	-	rs10744151
chr12	2277932	2277933	C	A	-	rs10744560
chr1	150104954	150104955	T	G	+	rs10749674
chr11	130849165	130849166	G	T	+	rs10750450
chr10	18439069	18439070	G	T	-	rs10764493
chr12	123235332	123235333	C	G	+	rs10772997
chr12	2221291	2221292	C	A	-	rs10774034
chr12	2259507	2259508	C	T	-	rs10774035
chr12	91854870	91854871	G	T	+	rs10777339
chr12	91863035	91863036	G	T	-	rs10777340
chr12	91863041	91863042	A	G	+	rs10777341
chr1	73359225	73359226	A	C	-	rs10789369
chr1	73383613	73383614	G	T	-	rs10789370
chr11	130848734	130848735	T	A	-	rs10791097
chr1	2452668	2452669	T	G	-	rs10797426
chr12	29777949	29777950	G	-	+	rs10843506
chr12	29778122	29778123	C	G	-	rs10843507
chr16	68254427	68254428	T	G	+	rs10852439
chr12	103182008	103182009	C	A	+	rs10860950
chr12	103182239	103182240	G	C	-	rs10860952
chr10	102843830	102843831	A	G	-	rs10883785
chr11	130847257	130847258	C	A	-	rs10894268
chr11	57680559	57680560	C	T	-	rs10896636
chr11	57901468	57901469	C	T	+	rs10896656
chr2	232694601	232694602	T	C	+	rs10933406
chr5	61432162	61432163	T	A	+	rs10939902
chr7	105231444	105231445	G	C	-	rs10953470
chr11	24369622	24369623	C	-	+	rs11027841
chr11	24384374	24384375	A	G	+	rs11027859
chr11	24385348	24385349	C	A	-	rs11027863
chr11	24385382	24385383	G	A	-	rs11027864
chr1	150180624	150180625	G	-	-	rs1105209
chr12	2239677	2239678	G	-	-	rs11062170
chr15	61542027	61542028	C	T	-	rs11071612
chr16	68254489	68254490	C	A	-	rs11075670
chr17	17972696	17972697	A	C	-	rs11078408
chr12	2224471	2224472	T	A	-	rs1108073
chr19	49592886	49592887	T	C	+	rs11083979
chr3	52686063	52686064	A	G	+	rs1108842
chr12	91863732	91863733	G	C	+	rs11106310
chr12	103213667	103213668	G	C	+	rs11111497
chr3	17811043	17811044	G	T	+	rs11128871
chr1	150118619	150118620	G	T	-	rs111443519
chr5	109740526	109740527	T	G	-	rs111445635
chr1	150054224	150054225	T	G	-	rs11205321
chr1	73301380	73301381	C	G	+	rs11210202
chr1	73368662	73368663	T	A	+	rs11210215
chr1	73383332	73383333	G	-	+	rs11210219
chr1	73517389	73517390	G	-	-	rs11210274
chr11	133971683	133971684	C	G	+	rs11223654
chr11	133981516	133981517	G	C	-	rs11223661
chr1	150074060	150074061	C	G	-	rs112287706
chr5	109831248	109831249	A	T	-	rs11241037
chr1	150117795	150117796	C	T	-	rs113082139
chr20	38811161	38811162	A	G	+	rs11310073
chr1	150054561	150054562	C	G	+	rs113607766
chr16	68252675	68252676	A	-	+	rs11368218
chr1	150189897	150189898	C	G	-	rs113833990
chr7	105198341	105198342	T	C	+	rs11412280
chr1	207792081	207792082	G	C	-	rs1142469
chr1	43621159	43621160	C	T	+	rs1143702
chr11	57792979	57792980	A	C	+	rs11570190
chr11	24372554	24372555	G	-	+	rs1157931
chr1	150129017	150129018	C	-	+	rs11584091
chr1	150066989	150066990	G	C	-	rs11584354
chr1	150194970	150194971	C	T	-	rs11584606
chr1	150038583	150038584	G	A	+	rs11589585
chr1	150161124	150161125	C	T	-	rs11589922
chr1	150161364	150161365	T	A	+	rs11591200
chr11	24377286	24377287	G	C	+	rs1159408
chr11	109521711	109521712	A	T	-	rs11600110
chr11	57875144	57875145	T	C	-	rs11601320
chr11	57667823	57667824	G	C	+	rs11602109
chr11	109521686	109521687	G	A	+	rs11604254
chr11	57729538	57729539	C	A	+	rs11604325
chr11	57667738	57667739	C	T	-	rs11606396
chr14	99246607	99246608	A	T	-	rs11624408
chr15	84094983	84094984	A	T	-	rs11637533
chr15	84035121	84035122	A	G	-	rs11637666
chr15	84163897	84163898	G	T	-	rs11639244
chr16	9799485	9799486	C	A	-	rs11643173
chr16	9818785	9818786	C	T	+	rs11645219
chr2	57760457	57760458	T	A	+	rs11682175
chr2	224528455	224528456	C	G	+	rs11688397
chr3	17780700	17780701	A	T	-	rs11709790
chr5	138502432	138502433	A	C	-	rs11750854
chr15	61547460	61547461	A	C	-	rs11853920
chr17	2273237	2273238	A	T	+	rs11869805
chr17	2273233	2273234	G	C	+	rs11872068
chr19	49592703	49592704	T	A	+	rs11878568
chr2	232772211	232772212	T	C	+	rs11893358
chr5	61329130	61329131	C	A	-	rs11954859
chr1	98029049	98029050	A	C	-	rs1198574
chr1	73395137	73395138	G	A	+	rs12031120
chr1	73395135	73395136	A	G	-	rs12038096
chr7	105322616	105322617	T	A	-	rs1204060
chr7	105343571	105343572	T	G	-	rs1204077
chr7	105348400	105348401	A	C	-	rs1204080
chr1	150030334	150030335	T	G	+	rs12063281
chr1	97976331	97976332	T	G	+	rs12067567
chr1	97980637	97980638	G	A	-	rs12077962
chr1	73383301	73383302	G	C	+	rs12120214
chr1	207819200	207819201	G	T	-	rs12123251
chr1	150182111	150182112	T	C	-	rs12124898
chr1	73383303	73383304	A	G	-	rs12127629
chr1	73383260	73383261	C	A	-	rs12135094
chr11	124742262	124742263	G	T	-	rs12278912
chr11	124742813	124742814	T	A	+	rs12287365
chr12	2285614	2285615	A	T	-	rs12311439
chr12	2237663	2237664	T	C	+	rs12315711
chr7	105355179	105355180	T	A	+	rs12334245
chr9	82128492	82128493	G	A	-	rs12338960
chr9	82128521	82128522	A	T	+	rs12347979
chr1	207802930	207802931	G	A	-	rs12401619
chr15	78634383	78634384	C	A	-	rs12440014
chr16	58637910	58637911	A	G	+	rs12446487
chr19	19321153	19321154	G	C	-	rs12460764
chr2	161946482	161946483	G	C	+	rs12474587
chr3	17811428	17811429	G	C	-	rs12495352
chr8	59739926	59739927	T	G	-	rs12549329
chr16	68094200	68094201	A	-	-	rs12599178
chr5	109707527	109707528	C	T	-	rs12656748
chr7	105356024	105356025	A	T	+	rs12668097
chr7	105359087	105359088	C	T	-	rs12671047
chr16	29925332	29925333	A	-	-	rs12716972
chr16	29926330	29926331	G	T	-	rs12716973
chr1	207833403	207833404	A	C	-	rs12749612
chr10	18455075	18455076	C	A	+	rs12774837
chr12	29782462	29782463	C	T	-	rs12811019
chr12	123244154	123244155	G	A	+	rs12817892
chr12	123244191	123244192	G	A	-	rs12818067
chr12	57228587	57228588	G	A	-	rs12826178
chr14	103551455	103551456	G	A	+	rs12893668
chr14	103568954	103568955	G	C	+	rs12894729
chr16	29932045	29932046	T	G	+	rs12919683
chr16	29932137	29932138	C	A	+	rs12933498
chr16	9814518	9814519	G	C	-	rs12934281
chr17	2257559	2257560	A	G	-	rs12938295
chr17	2253615	2253616	C	T	+	rs12950555
chr2	161959656	161959657	G	T	+	rs13011013
chr2	161966198	161966199	G	T	+	rs13021985
chr20	49508477	49508478	G	A	-	rs13039739
chr3	17814620	17814621	G	T	+	rs13062642
chr3	52698412	52698413	A	C	+	rs13081155
chr5	138519234	138519235	T	C	-	rs13155345
chr5	138505170	138505171	A	T	+	rs13164092
chr7	111277629	111277630	C	T	-	rs13239254
chr10	18451941	18451942	C	A	+	rs1325989
chr8	4325534	4325535	A	G	-	rs13261217
chr8	142235608	142235609	A	G	-	rs13262595
chr8	4324996	4324997	C	-	+	rs13269120
chr15	78621887	78621888	A	T	+	rs13329271
chr16	9827606	9827607	T	G	-	rs13336666
chr6	72445998	72445999	C	A	+	rs1339227
chr22	42279954	42279955	G	-	-	rs134892
chr8	88555030	88555031	A	T	-	rs1352317
chr8	88554673	88554674	G	A	-	rs1352318
chr15	70294277	70294278	T	G	+	rs1355585
chr11	109511965	109511966	G	T	+	rs1371330
chr11	109511851	109511852	G	C	-	rs1371331
chr2	199336847	199336848	C	G	-	rs1374356
chr2	199336881	199336882	A	C	+	rs1374357
chr1	73310887	73310888	A	T	+	rs140930533
chr15	70288720	70288723	AAT	TCG	+	rs141373620
chr16	9820561	9820562	C	G	-	rs1420045
chr3	17846763	17846764	C	T	-	rs1430904
chr1	150158787	150158788	G	A	+	rs143570918
chr1	150065773	150065774	G	A	-	rs143734333
chr8	142238757	142238758	C	G	-	rs143746535
chr11	109507711	109507712	A	C	+	rs1439519
chr1	150172305	150172306	A	C	+	rs145192635
chr12	123233142	123233144	GC	CA	-	rs146239222
chr19	19418011	19418012	C	A	-	rs1469712
chr19	19417996	19417997	A	G	-	rs1469713
chr11	24376129	24376130	A	G	-	rs1470276
chr11	24376006	24376007	A	T	-	rs1470277
chr11	24374404	24374405	G	T	+	rs1470279
chr1	29961103	29961104	T	C	-	rs1498232
chr8	59767462	59767463	C	T	-	rs1511027
chr2	224538897	224538898	G	T	+	rs1523919
chr5	138514369	138514370	A	G	-	rs154067
chr5	138520683	138520684	G	A	+	rs154072
chr5	138527444	138527445	A	C	+	rs154076
chr7	111298341	111298342	C	T	-	rs1541473
chr1	150156230	150156231	T	G	+	rs1545762
chr12	123254130	123254131	A	C	+	rs1568427
chr12	123147728	123147729	G	T	+	rs1569068
chr1	73478593	73478594	C	A	-	rs1578022
chr12	123251389	123251390	G	C	+	rs1609520
chr12	123165787	123165788	C	G	-	rs1615350
chr12	123105617	123105618	T	G	-	rs1617156
chr12	123166166	123166167	A	T	-	rs1618679
chr12	123223515	123223516	A	G	+	rs1626899
chr12	123154032	123154033	T	A	+	rs1627724
chr7	137395299	137395300	C	G	-	rs1647181
chr11	57710416	57710417	C	G	+	rs1647405
chr2	224575126	224575127	A	C	+	rs16866061
chr5	89450513	89450514	A	G	-	rs16867576
chr8	88541759	88541760	C	T	-	rs16884246
chr16	9788095	9788096	T	A	+	rs16966337
chr16	9865263	9865264	G	A	+	rs16966529
chr19	49594674	49594675	G	C	+	rs16981329
chr15	78583280	78583281	A	G	-	rs1700006
chr12	123231828	123231829	C	T	-	rs1716171
chr12	123152961	123152962	G	C	-	rs1716184
chr5	109815484	109815485	A	C	-	rs17162298
chr5	109847217	109847218	C	T	+	rs17162347
chr3	17803259	17803260	C	G	+	rs17200916
chr3	17836335	17836336	G	A	-	rs17200979
chr12	123163484	123163485	C	T	-	rs1727293
chr12	123132313	123132314	G	T	+	rs1727295
chr12	123179657	123179658	C	A	+	rs1727300
chr12	123148382	123148383	G	C	-	rs1727302
chr12	123134055	123134056	C	A	-	rs1727316
chr12	123134394	123134395	T	C	-	rs1727317
chr12	123136662	123136663	T	C	-	rs1727318
chr12	123229688	123229689	A	C	+	rs1727334
chr2	224535146	224535147	G	T	-	rs17480230
chr11	113447022	113447023	G	-	+	rs17601612
chr18	55898055	55898056	T	C	-	rs17602354
chr4	169657850	169657851	C	T	+	rs17627811
chr5	154296941	154296942	C	T	+	rs17629195
chr5	109756112	109756113	A	T	-	rs17638690
chr10	18445598	18445599	G	C	+	rs17691888
chr17	2294342	2294343	C	G	-	rs177567
chr12	123187970	123187971	A	T	+	rs1790086
chr12	123148876	123148877	G	A	+	rs1790090
chr12	123102140	123102141	T	C	+	rs1790094
chr12	123172177	123172178	G	C	+	rs1790100
chr12	123107048	123107049	G	C	-	rs1790106
chr12	123152293	123152294	A	T	+	rs1790108
chr12	123153204	123153205	C	G	+	rs1790109
chr12	123133996	123133997	G	T	+	rs1790116
chr12	123119944	123119945	G	C	-	rs1790121
chr12	123122191	123122192	G	A	+	rs1790122
chr1	150160234	150160235	A	C	+	rs1824850
chr16	9791169	9791170	T	G	-	rs1833161
chr11	109519076	109519077	A	C	+	rs1837397
chr19	19386859	19386860	C	T	+	rs1858999
chr5	109704540	109704541	G	T	+	rs1866373
chr5	138545414	138545415	T	G	-	rs188731
chr1	98017271	98017272	A	T	-	rs1892550
chr1	98017404	98017405	C	T	-	rs1892551
chr1	98017478	98017479	G	C	-	rs1892552
chr1	73334284	73334285	G	T	+	rs1923206
chr1	98018917	98018918	T	G	+	rs1938572
chr16	68246989	68246990	T	C	+	rs1971546
chr16	68251943	68251944	A	G	-	rs1975802
chr1	150132107	150132108	G	C	+	rs1975957
chr12	123260407	123260408	G	C	+	rs1980251
chr11	133968521	133968522	A	C	+	rs2000853
chr15	70301731	70301732	T	G	+	rs2002122
chr1	29963152	29963153	A	T	-	rs2008141
chr1	73351061	73351062	T	G	+	rs2008280
chr1	29956095	29956096	A	G	+	rs2015244
chr1	73366991	73366992	C	A	+	rs2025080
chr1	150067620	150067621	A	T	-	rs2027349
chr3	17809909	17809910	G	C	-	rs2033378
chr8	59768341	59768342	G	T	+	rs2055877
chr17	18105713	18105714	C	G	-	rs2056842
chr19	19367585	19367586	T	G	+	rs2074088
chr22	41196672	41196673	G	T	+	rs2092563
chr7	111313246	111313247	T	G	+	rs2110309
chr19	49599994	49599995	G	A	+	rs2116922
chr7	111224242	111224243	T	A	-	rs214469
chr4	23426955	23426956	C	A	-	rs215401
chr4	23423850	23423851	T	C	+	rs215405
chr4	23422921	23422922	T	G	+	rs215407
chr16	9862661	9862662	T	A	-	rs2159908
chr16	9862666	9862667	T	G	-	rs2159909
chr5	109805825	109805826	T	C	-	rs2161123
chr5	89401058	89401059	T	C	+	rs2161203
chr17	2265214	2265215	G	A	-	rs216176
chr17	2300158	2300159	A	C	+	rs216193
chr17	2295505	2295506	C	A	+	rs216201
chr17	2302424	2302425	A	G	+	rs2209072
chr17	2302369	2302370	G	T	+	rs2209073
chr7	105204805	105204806	G	C	-	rs2237613
chr12	2274838	2274839	T	G	+	rs2238057
chr12	2264963	2264964	G	T	-	rs2239038
chr2	72132182	72132183	A	C	-	rs2241059
chr5	138508584	138508585	A	C	-	rs2242599
chr5	109701336	109701337	C	G	+	rs2249413
chr2	161999637	161999638	C	G	+	rs2268894
chr4	169690829	169690830	A	C	-	rs2270863
chr14	103563111	103563112	G	C	+	rs2274267
chr1	207805570	207805571	C	G	-	rs2281289
chr16	9827644	9827645	T	G	-	rs2284239
chr19	19357127	19357128	T	C	-	rs2285627
chr19	19494538	19494539	T	G	-	rs2288852
chr16	68255155	68255156	C	A	+	rs2290699
chr7	105237468	105237469	T	A	+	rs2299319
chr5	109749105	109749106	T	C	+	rs2300999
chr19	19342750	19342751	C	G	-	rs2301669
chr16	68071267	68071268	C	A	-	rs2301814
chr19	19369289	19369290	G	A	-	rs2315281
chr8	59761477	59761478	A	G	+	rs2326443
chr8	59761490	59761491	C	G	+	rs2326444
chr3	17832157	17832158	G	C	-	rs2337387
chr8	88555166	88555167	G	C	+	rs2338248
chr1	73355409	73355410	T	A	+	rs2340399
chr1	73355597	73355598	T	G	-	rs2340400
chr12	2259229	2259230	A	C	-	rs2370414
chr1	98009210	98009211	C	G	+	rs2391902
chr16	58643788	58643789	G	A	-	rs2406084
chr3	52811088	52811089	T	G	-	rs2535627
chr15	70310495	70310496	A	G	+	rs2554828
chr5	138561404	138561405	A	G	+	rs256006
chr5	138568108	138568109	T	C	-	rs256013
chr5	138567394	138567395	A	C	-	rs256014
chr5	138564349	138564350	G	C	+	rs256017
chr2	197395373	197395374	A	G	+	rs2564389
chr2	197472795	197472796	A	G	-	rs2565164
chr1	98046570	98046571	G	A	-	rs2660304
chr1	29960557	29960558	A	G	+	rs267698
chr12	123212493	123212494	G	A	+	rs2682433
chr12	123158872	123158873	T	C	+	rs2695481
chr3	52781888	52781889	T	G	-	rs2710323
chr1	207805386	207805387	G	A	+	rs2796283
chr12	123227868	123227869	G	A	+	rs2851435
chr12	123218555	123218556	T	A	+	rs2851451
chr15	70282668	70282669	G	A	+	rs28620094
chr15	78617924	78617925	C	A	+	rs28669908
chr4	169630221	169630222	T	C	-	rs28670063
chr15	40277682	40277683	C	G	+	rs28676999
chr16	68120640	68120641	A	C	-	rs28700885
chr19	19364907	19364908	G	C	-	rs2905425
chr2	162009744	162009745	C	A	-	rs2909448
chr2	162009827	162009828	G	T	+	rs2909449
chr2	161986567	161986568	T	A	-	rs2909455
chr19	19409548	19409549	A	T	-	rs2916069
chr19	19417514	19417515	T	A	+	rs2916073
chr17	18045664	18045665	T	C	-	rs2955353
chr17	18043086	18043087	T	A	+	rs2955357
chr17	18043308	18043309	T	A	-	rs2955358
chr17	18120582	18120583	G	C	-	rs2955365
chr17	18120698	18120699	A	T	+	rs2955366
chr17	18066914	18066915	T	C	+	rs2955372
chr17	18070302	18070303	C	T	-	rs2955373
chr17	18036258	18036259	G	C	-	rs2955384
chr17	18035932	18035933	C	A	-	rs2955385
chr19	19381163	19381164	T	G	-	rs2965180
chr19	19411747	19411748	G	A	-	rs2965188
chr19	19342711	19342712	T	C	-	rs2965191
chr19	19344018	19344019	G	A	-	rs2965193
chr19	19362220	19362221	A	T	-	rs2965198
chr19	19364278	19364279	G	T	-	rs2965199
chr17	18094232	18094233	T	C	-	rs2974999
chr12	123212459	123212460	C	A	-	rs3018099
chr12	29768509	29768510	G	A	+	rs302317
chr1	150187363	150187364	C	T	-	rs3118119
chr1	177278717	177278718	C	T	+	rs3176443
chr14	103584545	103584546	G	A	-	rs34026011
chr5	109759752	109759753	C	A	-	rs34097054
chr2	197494543	197494544	G	C	+	rs34314224
chr1	207820291	207820292	A	C	+	rs34385765
chr3	136618186	136618187	G	T	+	rs34438032
chr12	123200235	123200236	A	T	-	rs34504888
chr17	18063210	18063211	A	T	-	rs34519174
chr8	88548330	88548331	T	A	-	rs34536619
chr8	88591743	88591744	G	T	-	rs34594411
chr5	109777886	109777887	C	A	+	rs34595717
chr11	113463505	113463506	T	C	+	rs34632468
chr15	84034717	84034718	C	G	-	rs34672825
chr3	2505581	2505582	C	A	-	rs34801323
chr5	109759862	109759863	T	A	+	rs34837720
chr3	2512927	2512928	G	T	-	rs34877519
chr14	103561657	103561658	C	T	+	rs34896432
chr20	49499962	49499963	C	G	-	rs35075806
chr16	9851281	9851282	A	T	-	rs35082360
chr15	84046191	84046192	T	A	-	rs35093759
chr1	150152589	150152590	A	T	-	rs35132383
chr8	88592320	88592321	A	T	-	rs35209645
chr8	88557128	88557129	A	T	-	rs35215833
chr15	61564063	61564064	T	C	+	rs35225048
chr5	109755915	109755916	T	A	-	rs35342188
chr8	110498813	110498814	G	T	-	rs35355486
chr19	19376292	19376293	C	T	+	rs35418933
chr16	9846106	9846107	C	G	-	rs35440248
chr2	224584280	224584281	C	T	-	rs35465666
chr22	41178965	41178968	GTA	CCT	-	rs35508493
chr8	88594658	88594659	C	G	-	rs35529952
chr7	105390660	105390661	C	T	+	rs35601145
chr14	99245694	99245695	G	A	+	rs35604463
chr8	88672979	88672980	A	T	+	rs35642681
chr8	88548339	88548340	C	A	-	rs35768850
chr11	57779527	57779528	T	G	-	rs35808061
chr11	24375678	24375679	T	C	+	rs35846200
chr8	110459784	110459785	G	A	-	rs36043959
chr8	88557102	88557103	A	G	-	rs36053303
chr7	137390097	137390098	T	G	+	rs3735025
chr7	137390092	137390093	T	G	-	rs3735026
chr10	102832917	102832918	G	A	-	rs3740397
chr10	102869707	102869708	T	C	-	rs3740400
chr15	40288962	40288963	C	A	+	rs3743138
chr19	49583548	49583549	C	T	+	rs3745474
chr5	109739807	109739808	C	T	+	rs3756597
chr19	49581338	49581339	G	C	-	rs3760708
chr19	19329256	19329257	C	G	+	rs3764567
chr2	72134375	72134376	G	C	-	rs3768644
chr2	72130325	72130326	G	C	+	rs3768647
chr2	224585443	224585444	G	T	-	rs3768886
chr3	52688318	52688319	A	T	+	rs3774349
chr19	19499220	19499221	A	C	-	rs3794990
chr19	19500740	19500741	C	T	-	rs3794993
chr4	169619705	169619706	C	G	-	rs3797040
chr7	105266569	105266570	C	G	-	rs3801278
chr7	105241082	105241083	A	G	-	rs3801282
chr7	105387198	105387199	G	C	-	rs3801999
chr11	133957837	133957838	A	G	+	rs3802924
chr15	78540489	78540490	T	C	-	rs3813570
chr16	68126385	68126386	T	C	+	rs3815173
chr15	78617915	78617916	C	G	-	rs3825845
chr17	2312963	2312964	T	G	-	rs391300
chr14	99241595	99241596	C	A	+	rs3916222
chr16	29943633	29943634	A	T	-	rs3924855
chr5	138578192	138578193	A	T	+	rs409273
chr17	2287023	2287024	C	T	+	rs410378
chr15	84164641	84164642	C	A	-	rs4106951
chr8	142231571	142231572	A	T	+	rs4129585
chr5	109816783	109816784	G	C	-	rs4141495
chr7	105204646	105204647	T	A	+	rs41562
chr3	36837478	36837479	A	G	+	rs4234258
chr12	91853009	91853010	C	G	-	rs4240748
chr3	17841175	17841176	G	T	-	rs4243834
chr8	59946470	59946471	T	A	+	rs4256581
chr17	18009233	18009234	C	A	+	rs4365348
chr11	130847360	130847361	T	G	-	rs4366492
chr20	38841809	38841810	G	A	-	rs4368395
chr5	61302715	61302716	A	C	+	rs4391122
chr16	29920577	29920578	G	A	-	rs4407079
chr16	29927498	29927499	A	T	-	rs4420550
chr16	29927971	29927972	T	G	-	rs4424923
chr17	18074611	18074612	T	A	+	rs4426402
chr4	169625279	169625280	C	G	-	rs4434205
chr1	98018734	98018735	G	A	+	rs4447033
chr3	17817828	17817829	T	G	+	rs4450852
chr17	17985234	17985235	T	A	+	rs4459604
chr7	105257889	105257890	G	C	+	rs4496901
chr2	161962110	161962111	C	A	-	rs4500960
chr17	17996524	17996525	A	G	+	rs4506969
chr3	136650867	136650868	T	G	+	rs4521165
chr5	61293911	61293912	C	G	+	rs4546329
chr2	161961953	161961954	C	T	+	rs4572609
chr11	130859534	130859535	T	G	+	rs4601795
chr5	61346767	61346768	C	A	-	rs4604142
chr16	29920742	29920743	C	A	-	rs4609871
chr5	138536426	138536427	G	C	-	rs462783
chr16	68129698	68129699	C	G	+	rs4640173
chr2	224522804	224522805	G	C	-	rs4674917
chr3	36846572	36846573	G	A	-	rs4678911
chr4	169631480	169631481	G	T	-	rs4692735
chr7	105387922	105387923	T	G	+	rs4727621
chr7	105191812	105191813	A	C	-	rs4730072
chr7	105215423	105215424	C	T	+	rs4730073
chr7	105366402	105366403	C	A	-	rs4730081
chr7	105387061	105387062	T	G	-	rs4730082
chr7	110407906	110407907	C	A	+	rs4730430
chr12	123235037	123235038	G	A	-	rs4759409
chr17	2269889	2269890	A	-	-	rs4790071
chr19	19443993	19443994	G	T	-	rs4808200
chr19	19457849	19457850	T	A	+	rs4808203
chr20	38835170	38835171	G	T	-	rs4812316
chr20	38856736	38856737	T	G	-	rs4812324
chr20	38856814	38856815	G	A	-	rs4812325
chr1	207827279	207827280	C	A	-	rs4844394
chr3	181404434	181404435	G	C	+	rs4854914
chr15	78633092	78633093	A	G	+	rs4887072
chr14	103566927	103566928	C	G	+	rs4906336
chr3	17815639	17815640	T	A	-	rs4908979
chr3	17815753	17815754	C	A	+	rs4908981
chr3	17818197	17818198	T	G	-	rs4908982
chr3	17818281	17818282	T	C	-	rs4908984
chr3	17818362	17818363	T	A	-	rs4908985
chr3	17846495	17846496	A	C	+	rs4908988
chr17	17994424	17994425	T	C	-	rs4924832
chr17	17981486	17981487	A	T	+	rs4925133
chr1	150134064	150134065	G	A	-	rs4926408
chr1	150138271	150138272	A	C	-	rs4926409
chr1	150165576	150165577	A	G	-	rs4926411
chr1	150166236	150166237	A	T	-	rs4926412
chr11	133983112	133983113	C	G	+	rs4936216
chr20	49513790	49513791	C	T	-	rs495146
chr11	57666649	57666650	C	G	-	rs499188
chr15	78565553	78565554	T	C	+	rs503464
chr11	57665854	57665855	C	A	-	rs527528
chr20	49501460	49501461	T	C	+	rs546674
chr2	72131829	72131830	C	G	-	rs55707322
chr14	103562468	103562469	G	C	+	rs55751606
chr15	61559058	61559059	G	A	-	rs55835773
chr15	61559074	61559075	C	G	-	rs55835940
chr1	150139438	150139439	G	A	+	rs55909733
chr5	138505573	138505574	A	C	+	rs55985421
chr8	88554569	88554570	C	A	-	rs55999909
chr15	40285267	40285268	A	C	+	rs56203022
chr15	40274557	40274558	T	G	-	rs56282503
chr1	29954791	29954792	A	G	-	rs56335113
chr1	150157803	150157804	T	A	+	rs56349882
chr11	109511728	109511729	T	A	+	rs56410856
chr11	24378954	24378955	G	A	+	rs57398571
chr1	43640594	43640595	C	T	-	rs574736
chr22	41231770	41231771	C	G	-	rs5751069
chr22	42204582	42204583	G	T	-	rs5751241
chr22	42202944	42202945	T	C	-	rs5758645
chr22	42217478	42217479	G	T	+	rs5758653
chr22	42225996	42225997	C	G	+	rs5758659
chr22	42227711	42227712	C	G	-	rs5758660
chr11	57713150	57713151	C	A	+	rs576859
chr17	17972027	17972028	A	T	+	rs57728924
chr19	49599067	49599068	G	C	+	rs5828406
chr1	98075731	98075732	T	G	-	rs58294881
chr1	150152424	150152425	T	C	-	rs58426216
chr1	43634238	43634239	T	A	-	rs585652
chr1	43634191	43634192	G	A	-	rs585711
chr5	89374719	89374720	G	T	-	rs58661106
chr15	78541107	78541108	C	G	-	rs59133824
chr17	17972092	17972093	A	G	+	rs59304093
chr1	150157886	150157887	C	G	+	rs59607464
chr3	17775402	17775403	T	G	-	rs59650576
chr15	78541110	78541111	T	C	+	rs59683676
chr22	41170590	41170591	C	G	+	rs6002271
chr20	38855667	38855668	G	T	+	rs6028167
chr20	38824550	38824551	A	G	+	rs6065094
chr1	43644077	43644078	A	C	-	rs607296
chr20	38826726	38826727	C	A	+	rs6093097
chr2	72130206	72130207	C	G	-	rs61138718
chr20	38810180	38810181	G	A	-	rs6124079
chr20	38818341	38818342	C	T	+	rs6124087
chr11	113474189	113474190	T	G	+	rs61902807
chr15	40291358	40291359	G	A	+	rs62021888
chr17	18073039	18073040	G	C	+	rs62073573
chr8	110458936	110458937	G	A	-	rs62526783
chr1	73310989	73310990	G	C	+	rs6424546
chr1	73311012	73311013	C	A	-	rs6424547
chr2	197504645	197504646	T	A	+	rs6434930
chr7	105288819	105288820	T	A	-	rs6466056
chr8	59787034	59787035	T	A	-	rs6471818
chr8	59787219	59787220	T	G	-	rs6471819
chr8	59796682	59796683	T	G	+	rs6471826
chr8	59799271	59799272	G	T	+	rs6471828
chr8	59800811	59800812	G	A	+	rs6471830
chr8	59834437	59834438	A	T	+	rs6471835
chr16	9800275	9800276	G	T	+	rs6497517
chr16	13650893	13650894	C	T	+	rs6498454
chr16	68071570	68071571	A	G	-	rs6499157
chr17	2273410	2273411	A	-	-	rs6502154
chr17	17996306	17996307	T	C	+	rs6502631
chr17	18037722	18037723	G	C	+	rs6502633
chr19	19496754	19496755	A	G	-	rs6511038
chr1	207828664	207828665	T	C	-	rs6540443
chr9	82126491	82126492	C	G	-	rs6559650
chr1	43636128	43636129	A	T	-	rs664336
chr1	43636042	43636043	A	G	+	rs664728
chr17	2310115	2310121	CACCTC	GCTGGA	+	rs66529059
chr8	110539914	110539915	A	T	+	rs66555851
chr7	105293823	105293824	A	T	-	rs66599006
chr1	29961038	29961039	C	T	+	rs6679167
chr1	2444404	2444405	T	A	+	rs6687012
chr1	2440957	2440958	A	C	+	rs6688934
chr11	130849180	130849184	CTCC	ACAA	-	rs67215852
chr20	49497595	49497596	C	A	+	rs67291758
chr2	199396551	199396552	C	G	+	rs6748419
chr19	19330054	19330055	C	G	+	rs67720221
chr3	17825765	17825766	C	T	-	rs6780932
chr3	181383755	181383756	T	A	+	rs6782970
chr14	103593728	103593729	A	T	+	rs67899457
chr5	154308654	154308655	T	A	-	rs6871683
chr5	61320058	61320059	A	C	-	rs6890684
chr5	89450346	89450347	T	A	-	rs6891794
chr7	105179031	105179032	T	A	+	rs6943183
chr7	111269112	111269113	C	A	+	rs6959670
chr8	59641978	59641979	A	T	+	rs6983204
chr8	59875380	59875381	C	G	-	rs7017555
chr10	102869115	102869116	A	-	-	rs7085104
chr10	102849607	102849608	T	A	+	rs7092690
chr10	18437055	18437056	T	C	-	rs7095057
chr10	102849708	102849709	T	A	-	rs7096183
chr11	124742694	124742695	C	A	+	rs7113041
chr17	18118292	18118293	G	T	+	rs712267
chr11	24380053	24380054	A	G	+	rs7127372
chr12	103206053	103206054	G	-	-	rs7133508
chr14	103552313	103552314	A	T	+	rs7140558
chr14	103575036	103575037	C	A	-	rs7140568
chr2	161946696	161946697	A	G	+	rs71408191
chr14	103561932	103561933	T	A	+	rs7148456
chr4	169700252	169700253	G	A	+	rs71590026
chr15	78620600	78620601	G	T	+	rs7170068
chr15	78615063	78615064	C	A	+	rs7177514
chr16	68236325	68236326	T	G	+	rs7184821
chr16	68239991	68239992	T	C	+	rs7187202
chr16	68151256	68151257	G	-	+	rs7193701
chr16	9820543	9820544	C	T	-	rs7196708
chr16	9862333	9862334	T	C	-	rs7199375
chr16	9864797	9864798	T	C	-	rs7201930
chr16	68035512	68035513	A	C	-	rs7204208
chr16	68118253	68118254	A	-	-	rs7205935
chr17	18083640	18083641	A	C	+	rs7211714
chr17	18010189	18010190	G	A	+	rs7212167
chr17	18083752	18083753	G	A	-	rs7212447
chr17	18006460	18006461	A	G	+	rs7219324
chr19	49590314	49590315	A	T	-	rs7249925
chr19	49593601	49593602	G	C	+	rs7251295
chr19	49594289	49594290	A	G	-	rs7251877
chr19	49569968	49569969	A	-	-	rs7254718
chr20	49500144	49500145	G	C	-	rs7267020
chr1	150060224	150060225	T	A	-	rs72692886
chr1	150084423	150084424	T	A	+	rs72692901
chr1	150102832	150102833	A	C	-	rs72694914
chr1	150102875	150102876	G	A	-	rs72694915
chr1	150109453	150109454	A	C	+	rs72694928
chr1	150146960	150146961	A	G	-	rs72694950
chr1	150146986	150146987	C	T	-	rs72694951
chr1	150147538	150147539	T	C	+	rs72694953
chr1	150151571	150151572	G	C	+	rs72694954
chr1	150162022	150162023	G	T	+	rs72694956
chr1	150186472	150186473	T	G	-	rs72694965
chr11	24373674	24373675	T	A	-	rs72875837
chr11	24386764	24386765	G	C	+	rs72875878
chr11	24386851	24386852	T	G	-	rs72875881
chr18	55865957	55865958	C	G	+	rs72934570
chr18	55900623	55900624	G	C	+	rs72934600
chr12	91855074	91855075	A	T	-	rs7294593
chr2	224507844	224507845	A	C	-	rs72972378
chr2	224582226	224582227	A	G	+	rs72974260
chr2	224589491	224589492	T	C	+	rs72974267
chr20	49510638	49510639	T	C	-	rs729824
chr11	133952237	133952238	G	T	-	rs73034295
chr11	133958291	133958292	G	C	-	rs73036062
chr11	133970260	133970261	C	T	+	rs73036081
chr12	123242286	123242287	C	G	-	rs7313483
chr8	27584609	27584610	C	T	-	rs73229090
chr8	27584811	27584812	C	A	+	rs73229093
chr17	18039298	18039299	C	G	+	rs7406982
chr10	102837394	102837395	A	G	+	rs743572
chr16	68142511	68142512	C	G	-	rs74629553
chr8	59800852	59800853	T	G	-	rs7463315
chr19	19474177	19474178	C	A	+	rs747050
chr11	133952673	133952674	A	G	+	rs75059851
chr1	150065559	150065560	C	T	+	rs7520930
chr1	207803737	207803738	A	G	+	rs7523273
chr1	207833083	207833084	A	G	-	rs7537216
chr1	150092667	150092668	C	G	-	rs7553622
chr2	161953648	161953649	T	C	+	rs7580486
chr2	197510604	197510605	C	T	-	rs7605813
chr1	207798808	207798809	A	G	+	rs761275
chr3	17845185	17845186	T	A	+	rs7632834
chr4	169625357	169625358	A	G	+	rs7681537
chr19	19336126	19336127	G	A	+	rs769267
chr5	61435630	61435631	G	C	-	rs7709645
chr5	109694339	109694340	C	T	+	rs7726501
chr7	110399138	110399139	G	C	-	rs7783665
chr7	105367022	105367023	T	A	+	rs7800928
chr7	131882503	131882504	A	T	+	rs7801375
chr7	105277234	105277235	T	G	+	rs7801804
chr7	111271076	111271077	C	G	-	rs7802797
chr7	111256776	111256777	T	-	+	rs7804021
chr8	59876082	59876083	C	G	-	rs7815966
chr8	59625761	59625762	C	A	+	rs7828085
chr8	59804284	59804285	G	T	-	rs7833985
chr8	59762349	59762350	C	T	-	rs7835908
chr8	59762236	59762237	G	A	-	rs7836012
chr2	197374500	197374501	C	G	+	rs787980
chr2	197481072	197481073	G	T	+	rs787983
chr2	197428966	197428967	T	A	-	rs788021
chr10	18456175	18456176	T	A	+	rs7893279
chr10	18455789	18455790	T	G	+	rs7923938
chr11	123525278	123525279	C	A	-	rs7927437
chr15	84117397	84117398	G	T	-	rs79318564
chr11	57871544	57871545	G	A	-	rs7936998
chr11	113457958	113457959	A	C	+	rs7948028
chr12	103207986	103207987	A	C	+	rs7959408
chr12	2232218	2232219	C	-	-	rs7965923
chr14	103581396	103581397	A	G	-	rs8017993
chr2	224577414	224577415	A	T	-	rs80236857
chr15	61570602	61570603	G	C	-	rs8042151
chr16	68238731	68238732	C	G	-	rs8059575
chr16	58637102	58637103	T	G	+	rs8061552
chr17	2277528	2277529	C	A	-	rs8065650
chr17	2277673	2277674	A	G	+	rs8066372
chr17	17997675	17997676	T	G	+	rs8071238
chr19	19332656	19332657	C	-	-	rs8103197
chr19	30490731	30490732	C	G	+	rs8110509
chr20	49512051	49512052	A	T	+	rs8121749
chr8	142244875	142244876	A	T	-	rs8180995
chr15	78618120	78618121	G	T	-	rs8192477
chr15	78618119	78618120	A	G	-	rs8192478
chr17	18114948	18114949	C	T	+	rs854767
chr17	18115696	18115697	G	C	-	rs854769
chr17	18115733	18115734	A	G	-	rs854770
chr17	18123251	18123252	C	G	+	rs854789
chr17	18103319	18103320	C	T	-	rs854808
chr17	18103224	18103225	C	A	-	rs854809
chr17	18118567	18118568	T	G	+	rs854817
chr17	18118724	18118725	A	-	+	rs854818
chr12	123149574	123149575	A	G	+	rs884548
chr15	78552767	78552768	A	G	-	rs905739
chr8	59782340	59782341	C	T	+	rs907211
chr20	38826625	38826626	C	G	+	rs909865
chr1	98020016	98020017	C	G	-	rs9324383
chr1	98022402	98022403	G	T	-	rs9324386
chr1	98022473	98022474	G	A	-	rs9324387
chr1	98022598	98022599	G	C	-	rs9324388
chr1	98027297	98027298	T	G	+	rs9324389
chr6	72423042	72423043	C	A	+	rs9360557
chr11	57742821	57742822	A	C	+	rs9420
chr1	2448265	2448266	A	G	-	rs942820
chr12	123149495	123149496	T	G	-	rs949142
chr22	41217183	41217184	C	A	-	rs9611519
chr22	41217298	41217299	C	A	-	rs9611520
chr5	109788176	109788177	A	T	+	rs961663
chr7	105226882	105226883	T	G	-	rs9640686
chr1	98021776	98021777	A	T	+	rs9659624
chr7	137400503	137400504	A	G	-	rs980796
chr3	36846680	36846681	T	C	-	rs9819304
chr7	111264169	111264170	A	-	+	rs982256
chr3	181464553	181464554	C	A	+	rs9872994
chr3	36843900	36843901	T	G	+	rs9882911
chr17	18021553	18021554	A	T	-	rs9896837
chr17	18008696	18008697	A	C	-	rs9897761
chr17	2253622	2253623	G	T	-	rs9899193
chr17	17994928	17994929	C	G	-	rs9899355
chr17	2258338	2258339	G	A	-	rs9909895
chr17	17972521	17972522	A	G	-	rs9914127
chr19	19461975	19461976	A	C	-	rs9917108
chr16	9852461	9852462	G	A	-	rs9922678
chr16	9846102	9846103	C	A	+	rs9926049
chr16	9855047	9855048	T	G	+	rs9926912
chr16	9805368	9805369	C	A	+	rs9930307
chr16	9854776	9854777	G	C	-	rs9933832
chr16	68217880	68217881	C	G	+	rs9938020
chr16	9851382	9851383	C	-	+	rs9940694
chr16	9805443	9805444	A	G	+	rs9940856
chr5	45335656	45335657	T	A	-	rs994092
